date,frtr32_px_last,frtr32_px_mid,frtr32_yld_ytm_mid,source
2026-09-25,95.9080,95.9080,4.1060,"Bloomberg Desktop API, DK7998596 Govt (FRTR 3 1/4 02/25/32, ISIN FR0014018OI0), pulled 2026-10-07"
2026-09-28,95.6270,95.6270,4.1670,"Bloomberg Desktop API, DK7998596 Govt (FRTR 3 1/4 02/25/32, ISIN FR0014018OI0), pulled 2026-10-07"
2026-09-29,95.4850,95.4850,4.1980,"Bloomberg Desktop API, DK7998596 Govt (FRTR 3 1/4 02/25/32, ISIN FR0014018OI0), pulled 2026-10-07"
2026-09-30,95.4240,95.4240,4.2120,"Bloomberg Desktop API, DK7998596 Govt (FRTR 3 1/4 02/25/32, ISIN FR0014018OI0), pulled 2026-10-07"
2026-10-01,95.0450,95.0450,4.2960,"Bloomberg Desktop API, DK7998596 Govt (FRTR 3 1/4 02/25/32, ISIN FR0014018OI0), pulled 2026-10-07"
2026-10-02,94.9080,94.9080,4.3260,"Bloomberg Desktop API, DK7998596 Govt (FRTR 3 1/4 02/25/32, ISIN FR0014018OI0), pulled 2026-10-07"
2026-10-05,95.1930,95.1930,4.2640,"Bloomberg Desktop API, DK7998596 Govt (FRTR 3 1/4 02/25/32, ISIN FR0014018OI0), pulled 2026-10-07"
2026-10-06,95.7500,95.7500,4.1440,"Bloomberg Desktop API, DK7998596 Govt (FRTR 3 1/4 02/25/32, ISIN FR0014018OI0), pulled 2026-10-07"
2026-10-07,95.3540,95.3540,4.2300,"Bloomberg Desktop API, DK7998596 Govt (FRTR 3 1/4 02/25/32, ISIN FR0014018OI0), pulled 2026-10-07"
