date,frtr32_yield,frtr32_zspread_bp,source,raw_file
2026-05-15,3.248000,,"Bloomberg BGN, exported by Charlie",frtr_3.25_feb2032_yield_zspread_2026-10-05.xlsx
2026-05-18,3.313000,,"Bloomberg BGN, exported by Charlie",frtr_3.25_feb2032_yield_zspread_2026-10-05.xlsx
2026-05-19,3.364000,,"Bloomberg BGN, exported by Charlie",frtr_3.25_feb2032_yield_zspread_2026-10-05.xlsx
2026-05-20,3.254000,,"Bloomberg BGN, exported by Charlie",frtr_3.25_feb2032_yield_zspread_2026-10-05.xlsx
2026-05-21,3.268000,,"Bloomberg BGN, exported by Charlie",frtr_3.25_feb2032_yield_zspread_2026-10-05.xlsx
2026-05-22,3.207000,,"Bloomberg BGN, exported by Charlie",frtr_3.25_feb2032_yield_zspread_2026-10-05.xlsx
2026-05-25,3.100000,,"Bloomberg BGN, exported by Charlie",frtr_3.25_feb2032_yield_zspread_2026-10-05.xlsx
2026-05-26,3.139000,,"Bloomberg BGN, exported by Charlie",frtr_3.25_feb2032_yield_zspread_2026-10-05.xlsx
2026-05-27,3.139000,,"Bloomberg BGN, exported by Charlie",frtr_3.25_feb2032_yield_zspread_2026-10-05.xlsx
2026-05-28,3.111000,,"Bloomberg BGN, exported by Charlie",frtr_3.25_feb2032_yield_zspread_2026-10-05.xlsx
2026-05-29,3.086000,,"Bloomberg BGN, exported by Charlie",frtr_3.25_feb2032_yield_zspread_2026-10-05.xlsx
2026-06-01,3.174000,,"Bloomberg BGN, exported by Charlie",frtr_3.25_feb2032_yield_zspread_2026-10-05.xlsx
2026-06-02,3.143000,,"Bloomberg BGN, exported by Charlie",frtr_3.25_feb2032_yield_zspread_2026-10-05.xlsx
2026-06-03,3.218000,,"Bloomberg BGN, exported by Charlie",frtr_3.25_feb2032_yield_zspread_2026-10-05.xlsx
2026-06-04,3.210000,,"Bloomberg BGN, exported by Charlie",frtr_3.25_feb2032_yield_zspread_2026-10-05.xlsx
2026-06-05,3.244000,,"Bloomberg BGN, exported by Charlie",frtr_3.25_feb2032_yield_zspread_2026-10-05.xlsx
2026-06-08,3.272000,,"Bloomberg BGN, exported by Charlie",frtr_3.25_feb2032_yield_zspread_2026-10-05.xlsx
2026-06-09,3.239000,,"Bloomberg BGN, exported by Charlie",frtr_3.25_feb2032_yield_zspread_2026-10-05.xlsx
2026-06-10,3.282000,,"Bloomberg BGN, exported by Charlie",frtr_3.25_feb2032_yield_zspread_2026-10-05.xlsx
2026-06-11,3.239000,,"Bloomberg BGN, exported by Charlie",frtr_3.25_feb2032_yield_zspread_2026-10-05.xlsx
2026-06-12,3.179000,,"Bloomberg BGN, exported by Charlie",frtr_3.25_feb2032_yield_zspread_2026-10-05.xlsx
2026-06-15,3.122000,,"Bloomberg BGN, exported by Charlie",frtr_3.25_feb2032_yield_zspread_2026-10-05.xlsx
2026-06-16,3.096000,,"Bloomberg BGN, exported by Charlie",frtr_3.25_feb2032_yield_zspread_2026-10-05.xlsx
2026-06-17,3.108000,,"Bloomberg BGN, exported by Charlie",frtr_3.25_feb2032_yield_zspread_2026-10-05.xlsx
2026-06-18,3.124000,,"Bloomberg BGN, exported by Charlie",frtr_3.25_feb2032_yield_zspread_2026-10-05.xlsx
2026-06-19,3.178000,,"Bloomberg BGN, exported by Charlie",frtr_3.25_feb2032_yield_zspread_2026-10-05.xlsx
2026-06-22,3.139000,,"Bloomberg BGN, exported by Charlie",frtr_3.25_feb2032_yield_zspread_2026-10-05.xlsx
2026-06-23,3.112000,,"Bloomberg BGN, exported by Charlie",frtr_3.25_feb2032_yield_zspread_2026-10-05.xlsx
2026-06-24,3.069000,,"Bloomberg BGN, exported by Charlie",frtr_3.25_feb2032_yield_zspread_2026-10-05.xlsx
2026-06-25,3.069000,,"Bloomberg BGN, exported by Charlie",frtr_3.25_feb2032_yield_zspread_2026-10-05.xlsx
2026-06-26,3.067000,,"Bloomberg BGN, exported by Charlie",frtr_3.25_feb2032_yield_zspread_2026-10-05.xlsx
2026-06-29,3.075000,,"Bloomberg BGN, exported by Charlie",frtr_3.25_feb2032_yield_zspread_2026-10-05.xlsx
2026-06-30,3.078000,,"Bloomberg BGN, exported by Charlie",frtr_3.25_feb2032_yield_zspread_2026-10-05.xlsx
2026-07-01,3.090000,,"Bloomberg BGN, exported by Charlie",frtr_3.25_feb2032_yield_zspread_2026-10-05.xlsx
2026-07-02,3.096000,,"Bloomberg BGN, exported by Charlie",frtr_3.25_feb2032_yield_zspread_2026-10-05.xlsx
2026-07-03,3.130000,,"Bloomberg BGN, exported by Charlie",frtr_3.25_feb2032_yield_zspread_2026-10-05.xlsx
2026-07-06,3.138000,,"Bloomberg BGN, exported by Charlie",frtr_3.25_feb2032_yield_zspread_2026-10-05.xlsx
2026-07-07,3.193000,,"Bloomberg BGN, exported by Charlie",frtr_3.25_feb2032_yield_zspread_2026-10-05.xlsx
2026-07-08,3.334000,,"Bloomberg BGN, exported by Charlie",frtr_3.25_feb2032_yield_zspread_2026-10-05.xlsx
2026-07-09,3.257000,,"Bloomberg BGN, exported by Charlie",frtr_3.25_feb2032_yield_zspread_2026-10-05.xlsx
2026-07-10,3.241000,,"Bloomberg BGN, exported by Charlie",frtr_3.25_feb2032_yield_zspread_2026-10-05.xlsx
2026-07-13,3.306000,,"Bloomberg BGN, exported by Charlie",frtr_3.25_feb2032_yield_zspread_2026-10-05.xlsx
2026-07-14,3.322000,32.863000,"Bloomberg BGN, exported by Charlie",frtr_3.25_feb2032_yield_zspread_2026-10-05.xlsx
2026-07-15,3.332000,33.251000,"Bloomberg BGN, exported by Charlie",frtr_3.25_feb2032_yield_zspread_2026-10-05.xlsx
2026-07-16,3.348000,32.985000,"Bloomberg BGN, exported by Charlie",frtr_3.25_feb2032_yield_zspread_2026-10-05.xlsx
2026-07-17,3.355000,31.873000,"Bloomberg BGN, exported by Charlie",frtr_3.25_feb2032_yield_zspread_2026-10-05.xlsx
2026-07-20,3.368000,32.487000,"Bloomberg BGN, exported by Charlie",frtr_3.25_feb2032_yield_zspread_2026-10-05.xlsx
2026-07-21,3.388000,32.571000,"Bloomberg BGN, exported by Charlie",frtr_3.25_feb2032_yield_zspread_2026-10-05.xlsx
2026-07-22,3.409000,33.550000,"Bloomberg BGN, exported by Charlie",frtr_3.25_feb2032_yield_zspread_2026-10-05.xlsx
2026-07-23,3.466000,34.848000,"Bloomberg BGN, exported by Charlie",frtr_3.25_feb2032_yield_zspread_2026-10-05.xlsx
2026-07-24,3.408000,32.556000,"Bloomberg BGN, exported by Charlie",frtr_3.25_feb2032_yield_zspread_2026-10-05.xlsx
2026-07-27,3.365000,33.307000,"Bloomberg BGN, exported by Charlie",frtr_3.25_feb2032_yield_zspread_2026-10-05.xlsx
2026-07-28,3.319000,32.238000,"Bloomberg BGN, exported by Charlie",frtr_3.25_feb2032_yield_zspread_2026-10-05.xlsx
2026-07-29,3.402000,33.170000,"Bloomberg BGN, exported by Charlie",frtr_3.25_feb2032_yield_zspread_2026-10-05.xlsx
2026-07-30,3.360000,32.985000,"Bloomberg BGN, exported by Charlie",frtr_3.25_feb2032_yield_zspread_2026-10-05.xlsx
2026-07-31,3.418000,31.966000,"Bloomberg BGN, exported by Charlie",frtr_3.25_feb2032_yield_zspread_2026-10-05.xlsx
2026-08-03,3.356000,31.578000,"Bloomberg BGN, exported by Charlie",frtr_3.25_feb2032_yield_zspread_2026-10-05.xlsx
2026-08-04,3.296000,30.835000,"Bloomberg BGN, exported by Charlie",frtr_3.25_feb2032_yield_zspread_2026-10-05.xlsx
2026-08-05,3.314000,31.751000,"Bloomberg BGN, exported by Charlie",frtr_3.25_feb2032_yield_zspread_2026-10-05.xlsx
2026-08-06,3.351000,31.604000,"Bloomberg BGN, exported by Charlie",frtr_3.25_feb2032_yield_zspread_2026-10-05.xlsx
2026-08-07,3.332000,31.075000,"Bloomberg BGN, exported by Charlie",frtr_3.25_feb2032_yield_zspread_2026-10-05.xlsx
2026-08-10,3.399000,32.812000,"Bloomberg BGN, exported by Charlie",frtr_3.25_feb2032_yield_zspread_2026-10-05.xlsx
2026-08-11,3.395000,32.406000,"Bloomberg BGN, exported by Charlie",frtr_3.25_feb2032_yield_zspread_2026-10-05.xlsx
2026-08-12,3.396000,35.369000,"Bloomberg BGN, exported by Charlie",frtr_3.25_feb2032_yield_zspread_2026-10-05.xlsx
2026-08-13,3.362000,34.637000,"Bloomberg BGN, exported by Charlie",frtr_3.25_feb2032_yield_zspread_2026-10-05.xlsx
2026-08-14,3.444000,36.431000,"Bloomberg BGN, exported by Charlie",frtr_3.25_feb2032_yield_zspread_2026-10-05.xlsx
2026-08-17,3.460000,36.939000,"Bloomberg BGN, exported by Charlie",frtr_3.25_feb2032_yield_zspread_2026-10-05.xlsx
2026-08-18,3.510000,38.263000,"Bloomberg BGN, exported by Charlie",frtr_3.25_feb2032_yield_zspread_2026-10-05.xlsx
2026-08-19,3.515000,37.235000,"Bloomberg BGN, exported by Charlie",frtr_3.25_feb2032_yield_zspread_2026-10-05.xlsx
2026-08-20,3.516000,38.271000,"Bloomberg BGN, exported by Charlie",frtr_3.25_feb2032_yield_zspread_2026-10-05.xlsx
2026-08-21,3.522000,38.701000,"Bloomberg BGN, exported by Charlie",frtr_3.25_feb2032_yield_zspread_2026-10-05.xlsx
2026-08-24,3.523000,38.635000,"Bloomberg BGN, exported by Charlie",frtr_3.25_feb2032_yield_zspread_2026-10-05.xlsx
2026-08-25,3.446000,36.207000,"Bloomberg BGN, exported by Charlie",frtr_3.25_feb2032_yield_zspread_2026-10-05.xlsx
2026-08-26,3.484000,35.174000,"Bloomberg BGN, exported by Charlie",frtr_3.25_feb2032_yield_zspread_2026-10-05.xlsx
2026-08-27,3.500000,35.508000,"Bloomberg BGN, exported by Charlie",frtr_3.25_feb2032_yield_zspread_2026-10-05.xlsx
2026-08-28,3.533000,35.152000,"Bloomberg BGN, exported by Charlie",frtr_3.25_feb2032_yield_zspread_2026-10-05.xlsx
2026-08-31,3.577000,35.802000,"Bloomberg BGN, exported by Charlie",frtr_3.25_feb2032_yield_zspread_2026-10-05.xlsx
2026-09-01,3.608000,34.710000,"Bloomberg BGN, exported by Charlie",frtr_3.25_feb2032_yield_zspread_2026-10-05.xlsx
2026-09-02,3.656000,32.128000,"Bloomberg BGN, exported by Charlie",frtr_3.25_feb2032_yield_zspread_2026-10-05.xlsx
2026-09-03,3.606000,37.686000,"Bloomberg BGN, exported by Charlie",frtr_3.25_feb2032_yield_zspread_2026-10-05.xlsx
2026-09-04,3.597000,35.306000,"Bloomberg BGN, exported by Charlie",frtr_3.25_feb2032_yield_zspread_2026-10-05.xlsx
2026-09-07,3.651000,33.698000,"Bloomberg BGN, exported by Charlie",frtr_3.25_feb2032_yield_zspread_2026-10-05.xlsx
2026-09-08,3.638000,36.358000,"Bloomberg BGN, exported by Charlie",frtr_3.25_feb2032_yield_zspread_2026-10-05.xlsx
2026-09-09,3.749000,36.367000,"Bloomberg BGN, exported by Charlie",frtr_3.25_feb2032_yield_zspread_2026-10-05.xlsx
2026-09-10,3.896000,39.180000,"Bloomberg BGN, exported by Charlie",frtr_3.25_feb2032_yield_zspread_2026-10-05.xlsx
2026-09-11,3.883000,42.328000,"Bloomberg BGN, exported by Charlie",frtr_3.25_feb2032_yield_zspread_2026-10-05.xlsx
2026-09-14,3.931000,42.373000,"Bloomberg BGN, exported by Charlie",frtr_3.25_feb2032_yield_zspread_2026-10-05.xlsx
2026-09-15,3.954000,41.556000,"Bloomberg BGN, exported by Charlie",frtr_3.25_feb2032_yield_zspread_2026-10-05.xlsx
2026-09-16,3.907000,44.266000,"Bloomberg BGN, exported by Charlie",frtr_3.25_feb2032_yield_zspread_2026-10-05.xlsx
2026-09-17,3.891000,40.600000,"Bloomberg BGN, exported by Charlie",frtr_3.25_feb2032_yield_zspread_2026-10-05.xlsx
2026-09-18,4.023000,41.833000,"Bloomberg BGN, exported by Charlie",frtr_3.25_feb2032_yield_zspread_2026-10-05.xlsx
2026-09-21,3.925000,46.623000,"Bloomberg BGN, exported by Charlie",frtr_3.25_feb2032_yield_zspread_2026-10-05.xlsx
2026-09-22,3.950000,47.617000,"Bloomberg BGN, exported by Charlie",frtr_3.25_feb2032_yield_zspread_2026-10-05.xlsx
2026-09-23,4.114000,65.121000,"Bloomberg BGN, exported by Charlie",frtr_3.25_feb2032_yield_zspread_2026-10-05.xlsx
2026-09-24,4.129000,49.324000,"Bloomberg BGN, exported by Charlie",frtr_3.25_feb2032_yield_zspread_2026-10-05.xlsx
2026-09-25,4.106000,49.296000,"Bloomberg BGN, exported by Charlie",frtr_3.25_feb2032_yield_zspread_2026-10-05.xlsx
2026-09-28,4.167000,50.949000,"Bloomberg BGN, exported by Charlie",frtr_3.25_feb2032_yield_zspread_2026-10-05.xlsx
2026-09-29,4.198000,52.934000,"Bloomberg BGN, exported by Charlie",frtr_3.25_feb2032_yield_zspread_2026-10-05.xlsx
2026-09-30,4.212000,57.084000,"Bloomberg BGN, exported by Charlie",frtr_3.25_feb2032_yield_zspread_2026-10-05.xlsx
2026-10-01,4.296000,67.167000,"Bloomberg BGN, exported by Charlie",frtr_3.25_feb2032_yield_zspread_2026-10-05.xlsx
2026-10-02,4.326000,82.201000,"Bloomberg BGN, exported by Charlie",frtr_3.25_feb2032_yield_zspread_2026-10-05.xlsx
2026-10-05,4.326000,82.243000,"Bloomberg BGN, exported by Charlie",frtr_3.25_feb2032_yield_zspread_2026-10-05.xlsx
