,EZ,FR,DE,IT,GR,ES
2009,9418661.2,1935840.2,2493970.0,1584106.8,234322.6,1072990.0
2010,9683242.5,1996075.1,2615260.0,1615671.1,223590.5,1077145.0
2011,9962475.7,2062141.4,2747210.0,1655357.1,203475.0,1068690.0
2012,9994802.9,2088286.7,2800680.0,1630709.8,185899.2,1035964.0
2013,10101940.6,2120351.9,2869480.0,1618965.0,178113.9,1025652.0
2014,10345159.5,2153733.1,2988470.0,1633104.1,176071.8,1038949.0
2015,10714509.4,2201401.6,3094190.0,1660512.5,175362.9,1087112.0
2016,11010725.7,2231819.2,3204870.0,1701884.8,174448.2,1122967.0
2017,11433362.9,2291680.5,3345860.0,1741307.4,177378.5,1170024.0
2018,11819413.2,2355362.8,3450580.0,1774453.9,180615.7,1212276.0
2019,12221666.9,2432206.8,3557630.0,1800281.8,185181.2,1253710.0
2020,11703580.1,2318276.2,3477670.0,1665979.4,167539.5,1129214.0
2021,12720830.8,2508102.3,3713090.0,1838674.8,184574.6,1235474.0
2022,13868358.4,2653997.2,4010630.0,1998269.1,207008.7,1375863.0
2023,14796811.9,2833826.4,4254930.0,2141760.8,224686.2,1496277.0
2024,15404322.2,2935236.2,4386940.0,2210594.7,236736.0,1598588.0
2025,15968853.7,2991055.9,4529710.0,2265002.5,248353.7,1690012.0
