years,oat_yield,swap_rate,bbg_spread_bp,spread_bp,source
1.0000,3.3,3.3006,,0.0600000000000378,"Bloomberg I14 (France sovereign) and S45 (EUR vs 6m Euribor) curves, exported by Charlie, as of 2026-10-02"
2.0000,3.7227,3.453,-26.965,-26.970000000000027,"Bloomberg I14 (France sovereign) and S45 (EUR vs 6m Euribor) curves, exported by Charlie, as of 2026-10-02"
3.0000,3.9299,3.4899,-43.998,-43.99999999999999,"Bloomberg I14 (France sovereign) and S45 (EUR vs 6m Euribor) curves, exported by Charlie, as of 2026-10-02"
4.0000,4.1137,3.4992,-61.455,-61.44999999999996,"Bloomberg I14 (France sovereign) and S45 (EUR vs 6m Euribor) curves, exported by Charlie, as of 2026-10-02"
5.0000,4.326,3.501,-82.495,-82.49999999999997,"Bloomberg I14 (France sovereign) and S45 (EUR vs 6m Euribor) curves, exported by Charlie, as of 2026-10-02"
6.0000,4.4177,3.5111,-90.657,-90.66000000000001,"Bloomberg I14 (France sovereign) and S45 (EUR vs 6m Euribor) curves, exported by Charlie, as of 2026-10-02"
7.0000,4.5434,3.5262,-101.725,-101.72000000000003,"Bloomberg I14 (France sovereign) and S45 (EUR vs 6m Euribor) curves, exported by Charlie, as of 2026-10-02"
8.0000,4.6586,3.548,-111.053,-111.05999999999997,"Bloomberg I14 (France sovereign) and S45 (EUR vs 6m Euribor) curves, exported by Charlie, as of 2026-10-02"
9.0000,4.7631,3.5625,-120.062,-120.05999999999997,"Bloomberg I14 (France sovereign) and S45 (EUR vs 6m Euribor) curves, exported by Charlie, as of 2026-10-02"
10.0000,4.867,3.583,-128.401,-128.39999999999998,"Bloomberg I14 (France sovereign) and S45 (EUR vs 6m Euribor) curves, exported by Charlie, as of 2026-10-02"
15.0000,5.1856,3.6423,-154.335,-154.32999999999998,"Bloomberg I14 (France sovereign) and S45 (EUR vs 6m Euribor) curves, exported by Charlie, as of 2026-10-02"
20.0000,5.2825,3.6093,-167.33,-167.31999999999996,"Bloomberg I14 (France sovereign) and S45 (EUR vs 6m Euribor) curves, exported by Charlie, as of 2026-10-02"
25.0000,5.2897,3.5252,-176.446,-176.45,"Bloomberg I14 (France sovereign) and S45 (EUR vs 6m Euribor) curves, exported by Charlie, as of 2026-10-02"
30.0000,5.4263,3.4348,-199.154,-199.15000000000003,"Bloomberg I14 (France sovereign) and S45 (EUR vs 6m Euribor) curves, exported by Charlie, as of 2026-10-02"
